{
	"music_disc.ward":{
		"category":"music",
		"replace":"true",
		"sounds":[
			{
				"name":"hop",
				"stream":"true"
			}
		]
	},
	"music_disc.strad":{
		"category":"music",
		"replace":"true",
		"sounds":[
			{
				"name":"hop",
				"stream":"true"
			}
		]
	},
	"music_disc.stal":{
		"category":"music",
		"replace":"true",
		"sounds":[
			{
				"name":"hop",
				"stream":"true"
			}
		]
	},
	"music_disc.mellohi":{
		"category":"music",
		"replace":"true",
		"sounds":[
			{
				"name":"hop",
				"stream":"true"
			}
		]
	},
	"music_disc.mall":{
		"category":"music",
		"replace":"true",
		"sounds":[
			{
				"name":"hop",
				"stream":"true"
			}
		]
	},
	"music_disc.cat":{
		"category":"music",
		"replace":"true",
		"sounds":[
			{
				"name":"hop",
				"stream":"true"
			}
		]
	},
	"music_disc.13":{
		"category":"music",
		"replace":"true",
		"sounds":[
			{
				"name":"hop",
				"stream":"true"
			}
		]
	},
	"music_disc.11":{
		"category":"music",
		"replace":"true",
		"sounds":[
			{
				"name":"hop",
				"stream":"true"
			}
		]
	},
	"music_disc.blocks":{
		"category":"music",
		"replace":"true",
		"sounds":[
			{
				"name":"PIKASONIC,Tsugumi Nagahara,Tatsunoshin - Euphoria (feat. Tsugumi Nagahara)",
				"stream":"true"
			}
		]
	},
	"music_disc.chirp":{
		"category":"music",
		"replace":"true",
		"sounds":[
			{
				"name":"PIKASONIC,Tatsunoshin,NEONA - Lockdown (feat. NEONA)",
				"stream":"true"
			}
		]
	},
	"music_disc.far":{
		"category":"music",
		"replace":"true",
		"sounds":[
			{
				"name":"Hardwell,Wildstylez,KiFi - Shine A Light",
				"stream":"true"
			}
		]
	},
	"music_disc.wait":{
		"category":"music",
		"replace":"true",
		"sounds":[
			{
				"name":"CY8ER - コクハクワープ",
				"stream":"true"
			}
		]
	}
}